timestamp,user_id,ip_address,action,status_code,response_time
2025-06-09 13:47:04.335358,user_45,246.108.231.63,access_file,403,110.38865774366907
2025-06-09 13:47:41.335358,user_33,236.175.149.78,access_file,403,278.66717451774167
2025-06-09 13:48:29.335358,user_26,237.81.254.10,login,403,249.20382197675627
2025-06-09 13:53:02.335358,user_11,214.2.219.208,logout,200,151.1871689559894
2025-06-09 13:55:50.335358,user_48,59.140.170.64,download,200,210.5342635140241
2025-06-09 13:56:31.335358,user_39,215.110.160.68,access_file,200,258.08927481621765
2025-06-09 13:58:15.335358,user_26,237.81.254.10,login,201,255.91017600385055
2025-06-09 14:03:36.335358,user_16,166.27.18.156,login,401,287.46369816244265
2025-06-09 14:03:58.335358,user_50,108.214.112.98,access_file,200,175.5441059768403
2025-06-09 14:04:47.335358,user_24,127.22.42.37,logout,201,100.21056811872899
2025-06-09 14:04:58.335358,user_8,117.233.134.30,upload,200,200.37666943938825
2025-06-09 14:09:09.335358,user_50,108.214.112.98,access_file,200,193.86019467529985
2025-06-09 14:10:51.335358,user_13,57.162.80.131,download,201,132.78613736507583
2025-06-09 14:11:40.335358,user_46,215.240.81.58,access_file,200,262.2913193564493
2025-06-09 14:12:37.335358,user_22,38.227.110.125,login,201,171.01202019752498
2025-06-09 14:14:32.335358,user_17,23.216.182.161,logout,201,183.4862994605643
2025-06-09 14:15:07.335358,user_44,127.101.184.137,login,200,273.88729041292606
2025-06-09 14:18:50.335358,user_5,171.177.74.224,login,404,270.39379642359063
2025-06-09 14:19:43.335358,user_44,127.101.184.137,login,401,219.72807003909182
2025-06-09 14:22:51.335358,user_13,57.162.80.131,access_file,200,281.62454999125276
2025-06-09 14:22:52.335358,user_6,106.137.202.60,login,200,242.95659225934668
2025-06-09 14:25:13.335358,user_37,187.28.106.101,access_file,200,194.99896807790026
2025-06-09 14:25:16.335358,user_26,237.81.254.10,download,200,195.0644624984108
2025-06-09 14:27:25.335358,user_2,251.40.57.250,login,200,213.48084074215464
2025-06-09 14:28:32.335358,user_16,166.27.18.156,access_file,200,232.67622959878736
2025-06-09 14:28:56.335358,user_38,128.62.160.98,access_file,201,94.67506286329741
2025-06-09 14:29:09.335358,user_37,187.28.106.101,login,403,286.9972238493789
2025-06-09 14:29:12.335358,user_50,108.214.112.98,logout,400,237.53528677076065
2025-06-09 14:33:27.335358,user_40,100.225.106.234,download,200,217.64058673393959
2025-06-09 14:34:13.335358,user_14,201.238.92.43,upload,200,299.5655714324774
2025-06-09 14:35:40.335358,user_45,246.108.231.63,download,200,166.88564452075178
2025-06-09 14:39:49.335358,user_26,237.81.254.10,login,200,224.05081552072946
2025-06-09 14:42:55.335358,user_12,192.168.244.143,logout,201,144.27613764950846
2025-06-09 14:43:55.335358,user_4,216.220.167.20,logout,200,165.46289820020002
2025-06-09 14:46:05.335358,user_43,110.77.25.220,access_file,200,247.79323873182398
2025-06-09 14:48:01.335358,user_21,112.246.105.248,upload,404,229.51286163446625
2025-06-09 14:49:03.335358,user_41,215.183.66.181,logout,200,153.30824895114804
2025-06-09 14:49:25.335358,user_40,100.225.106.234,login,200,165.3286347078148
2025-06-09 14:50:55.335358,user_38,128.62.160.98,access_file,200,202.50356089723613
2025-06-09 14:51:53.335358,user_39,215.110.160.68,login,200,138.25191842036966
2025-06-09 14:52:07.335358,user_6,106.137.202.60,system_access,200,202.19483585780068
2025-06-09 14:54:16.335358,user_6,106.137.202.60,login,200,50.0
2025-06-09 14:54:50.335358,user_4,216.220.167.20,upload,200,201.26767264102133
2025-06-09 14:59:50.335358,user_29,168.96.222.138,download,200,303.09627471210376
2025-06-09 15:00:56.335358,user_24,127.22.42.37,download,200,112.9835701029495
2025-06-09 15:00:58.335358,user_31,138.108.200.41,login,200,210.64529699592643
2025-06-09 15:03:29.335358,user_43,110.77.25.220,login,200,239.6023105479902
2025-06-09 15:04:39.335358,user_28,38.36.180.109,login,400,224.89852600041297
2025-06-09 15:06:59.335358,user_5,171.177.74.224,access_file,200,114.10893237971835
2025-06-09 15:09:12.335358,user_7,135.253.81.52,download,200,264.2110542395034
2025-06-09 15:09:14.335358,user_20,246.214.252.183,login,200,245.34742860242895
2025-06-09 15:11:38.335358,user_14,201.238.92.43,access_file,200,186.79463315180928
2025-06-09 15:14:36.335358,user_25,237.235.239.82,download,200,148.4478736558128
2025-06-09 15:14:53.335358,user_16,166.27.18.156,upload,500,140.8084739197105
2025-06-09 15:15:13.335358,user_33,236.175.149.78,upload,201,202.1574750407555
2025-06-09 15:15:17.335358,user_5,171.177.74.224,login,201,134.95685600342136
2025-06-09 15:16:43.335358,user_11,214.2.219.208,login,200,167.06954508236373
2025-06-09 15:18:51.335358,user_38,128.62.160.98,access_file,200,244.3379924198359
2025-06-09 15:21:05.335358,user_17,23.216.182.161,modify_permissions,200,164.76543985728455
2025-06-09 15:21:17.335358,user_20,246.214.252.183,logout,200,238.3229371939469
2025-06-09 15:22:22.335358,user_42,236.76.211.205,download,201,175.8516367121025
2025-06-09 15:24:29.335358,user_15,119.250.13.14,logout,201,213.43307017439096
2025-06-09 15:26:14.335358,user_19,160.247.177.127,login,200,200.92368173016501
2025-06-09 15:27:22.335358,user_12,46.252.173.56,login,200,278.10729983641653
2025-06-09 15:28:46.335358,user_9,57.7.156.5,upload,200,232.0187208968442
2025-06-09 15:30:00.335358,user_35,91.42.138.29,login,200,247.26811882176503
2025-06-09 15:32:11.335358,user_43,110.77.25.220,login,200,91.6973496199527
2025-06-09 15:32:51.335358,user_48,59.140.170.64,logout,200,243.58857210015245
2025-06-09 15:36:00.335358,user_21,112.246.105.248,logout,201,133.15116558938382
2025-06-09 15:36:06.335358,user_20,246.214.252.183,access_file,200,257.9071486950538
2025-06-09 15:37:10.335358,user_7,135.253.81.52,login,401,267.0323307504839
2025-06-09 15:38:03.335358,user_28,38.36.180.109,access_file,200,253.0128330355519
2025-06-09 15:39:33.335358,user_36,224.105.136.156,access_file,200,173.70352095969034
2025-06-09 15:42:50.335358,user_29,168.96.222.138,login,500,181.27824566640277
2025-06-09 15:46:12.335358,user_31,138.108.200.41,logout,200,153.62232225540544
2025-06-09 15:47:01.335358,user_28,38.36.180.109,download,200,219.51615828276692
2025-06-09 15:47:48.335358,user_4,216.220.167.20,logout,201,243.1660757551259
2025-06-09 15:48:46.335358,user_20,246.214.252.183,login,500,164.36229062458045
2025-06-09 15:51:25.335358,user_47,84.142.70.115,login,200,148.07763544979397
2025-06-09 15:52:23.335358,user_22,38.227.110.125,login,200,104.42591204177928
2025-06-09 15:52:38.335358,user_24,127.22.42.37,access_file,200,143.35487749473415
2025-06-09 15:52:55.335358,user_45,246.108.231.63,logout,201,190.74145290032092
2025-06-09 15:53:01.335358,user_43,110.77.25.220,download,400,234.57875791734767
2025-06-09 15:54:56.335358,user_12,46.252.173.56,logout,400,217.756270331917
2025-06-09 15:55:10.335358,user_42,236.76.211.205,download,200,106.30072317859897
2025-06-09 15:55:33.335358,user_41,215.183.66.181,download,200,184.92527295118805
2025-06-09 15:56:27.335358,user_1,48.26.212.38,logout,200,294.9778436370746
2025-06-09 15:57:05.335358,user_22,38.227.110.125,login,403,297.1928867274365
2025-06-09 15:58:30.335358,user_27,168.130.235.54,login,200,124.99165999739866
2025-06-09 15:58:34.335358,user_39,215.110.160.68,login,200,237.55015063758702
2025-06-09 15:58:50.335358,user_21,112.246.105.248,upload,403,278.01295905251925
2025-06-09 16:00:13.335358,user_29,168.96.222.138,login,401,174.47925655846305
2025-06-09 16:00:32.335358,user_26,237.81.254.10,logout,201,171.65779418326903
2025-06-09 16:01:07.335358,user_12,46.252.173.56,login,200,0.0
2025-06-09 16:01:56.335358,user_2,251.40.57.250,login,200,192.74593761205256
2025-06-09 16:06:56.335358,user_22,38.227.110.125,login,200,162.82082742519682
2025-06-09 16:08:06.335358,user_42,236.76.211.205,logout,200,253.22559654855115
2025-06-09 16:10:12.335358,user_29,168.96.222.138,upload,200,171.5056773905056
2025-06-09 16:11:54.335358,user_25,237.235.239.82,logout,200,247.91614989664455
2025-06-09 16:13:36.335358,user_49,29.88.175.121,download,200,151.03536055099184
2025-06-09 16:13:45.335358,user_13,57.162.80.131,login,200,152.96728224784286
2025-06-09 16:13:57.335358,user_39,215.110.160.68,login,200,124.75857586200888
2025-06-09 16:16:04.335358,user_24,127.22.42.37,access_file,200,256.8396388292086
2025-06-09 16:18:40.335358,user_18,204.113.209.153,login,200,263.467008435603
2025-06-09 16:19:24.335358,user_3,129.187.16.146,access_file,201,237.0201768523927
2025-06-09 16:19:25.335358,user_16,192.168.96.251,login,403,236.43161855209632
2025-06-09 16:19:40.335358,user_19,160.247.177.127,login,200,185.66314061367052
2025-06-09 16:20:40.335358,user_35,91.42.138.29,logout,200,244.41934203546953
2025-06-09 16:20:58.335358,user_25,237.235.239.82,logout,400,201.3899799037705
2025-06-09 16:21:13.335358,user_16,166.27.18.156,access_file,200,240.2415575073352
2025-06-09 16:21:27.335358,user_31,138.108.200.41,login,201,280.49761219556615
2025-06-09 16:22:55.335358,user_35,91.42.138.29,access_file,200,179.12068024295777
2025-06-09 16:23:02.335358,user_13,57.162.80.131,logout,200,123.458530284654
2025-06-09 16:23:32.335358,user_32,172.62.128.141,logout,200,87.72840002029186
2025-06-09 16:24:34.335358,user_40,100.225.106.234,access_file,201,272.16439329413464
2025-06-09 16:25:35.335358,user_36,224.105.136.156,logout,200,226.83912657910057
2025-06-09 16:29:41.335358,user_24,127.22.42.37,login,200,246.16940043481856
2025-06-09 16:30:23.335358,user_21,112.246.105.248,login,201,237.04167473228642
2025-06-09 16:30:34.335358,user_11,214.2.219.208,login,200,5000.0
2025-06-09 16:35:48.335358,user_27,168.130.235.54,logout,200,197.13338292476652
2025-06-09 16:37:56.335358,user_42,236.76.211.205,access_file,200,224.921079019005
2025-06-09 16:39:15.335358,user_3,192.168.77.53,login,201,201.7999908505354
2025-06-09 16:40:02.335358,user_49,29.88.175.121,login,403,139.75297287142914
2025-06-09 16:40:23.335358,user_48,59.140.170.64,logout,200,66.9112436060241
2025-06-09 16:41:18.335358,user_35,91.42.138.29,download,200,137.8858247441363
2025-06-09 16:41:40.335358,user_3,129.187.16.146,access_file,404,136.75133279135608
2025-06-09 16:45:01.335358,user_12,46.252.173.56,login,200,244.94377407585915
2025-06-09 16:46:10.335358,user_21,112.246.105.248,logout,200,256.8240356082699
2025-06-09 16:46:31.335358,user_44,127.101.184.137,upload,200,225.8971787513453
2025-06-09 16:47:09.335358,user_44,127.101.184.137,logout,201,163.56728854564045
2025-06-09 16:47:23.335358,user_7,135.253.81.52,login,403,267.14800826650907
2025-06-09 16:47:26.335358,user_25,237.235.239.82,login,200,162.99071123170918
2025-06-09 16:47:58.335358,user_42,236.76.211.205,logout,200,202.1789412932177
2025-06-09 16:51:02.335358,user_16,166.27.18.156,login,200,209.53718953591255
2025-06-09 16:52:00.335358,user_2,251.40.57.250,logout,201,276.51779873645444
2025-06-09 16:59:39.335358,user_18,204.113.209.153,login,401,243.54067268946272
2025-06-09 17:00:57.335358,user_8,117.233.134.30,upload,403,234.2543724962541
2025-06-09 17:02:06.335358,user_41,215.183.66.181,upload,200,123.8181630070859
2025-06-09 17:05:58.335358,user_29,168.96.222.138,logout,201,178.47149463404352
2025-06-09 17:08:44.335358,user_29,192.168.67.63,logout,200,234.662084202312
2025-06-09 17:08:45.335358,user_17,23.216.182.161,login,403,201.1468610591268
2025-06-09 17:15:21.335358,user_49,29.88.175.121,access_file,400,182.30211849950186
2025-06-09 17:18:40.335358,user_11,214.2.219.208,login,200,183.92904813865772
2025-06-09 17:19:15.335358,user_19,160.247.177.127,login,200,205.31463426595354
2025-06-09 17:19:28.335358,user_16,166.27.18.156,upload,200,189.77572528203007
2025-06-09 17:21:01.335358,user_24,127.22.42.37,logout,200,241.1481742210143
2025-06-09 17:23:04.335358,user_35,91.42.138.29,logout,201,309.66275362778174
2025-06-09 17:23:07.335358,user_39,215.110.160.68,login,200,184.23020418292384
2025-06-09 17:25:20.335358,user_40,100.225.106.234,download,200,168.11144116552782
2025-06-09 17:26:40.335358,user_25,237.235.239.82,login,201,204.2962393827718
2025-06-09 17:27:39.335358,user_36,224.105.136.156,download,200,136.94288747682188
2025-06-09 17:28:53.335358,user_31,138.108.200.41,access_file,200,220.94666489444273
2025-06-09 17:30:54.335358,user_9,57.7.156.5,login,200,173.49061983461442
2025-06-09 17:34:09.335358,user_23,192.53.226.219,download,200,173.94268856331487
2025-06-09 17:34:32.335358,user_7,135.253.81.52,login,418,209.26714704251137
2025-06-09 17:35:54.335358,user_46,215.240.81.58,access_file,400,112.52320014449549
2025-06-09 17:36:59.335358,user_25,237.235.239.82,login,200,215.47062602796046
2025-06-09 17:38:16.335358,user_43,110.77.25.220,logout,401,229.7286440392112
2025-06-09 17:42:30.335358,user_13,57.162.80.131,logout,200,128.17397393115957
2025-06-09 17:44:12.335358,user_2,251.40.57.250,login,200,200.16324266084263
2025-06-09 17:48:08.335358,user_7,135.253.81.52,access_file,200,175.45772375485404
2025-06-09 17:48:11.335358,user_8,117.233.134.30,logout,401,114.58513517713553
2025-06-09 17:48:58.335358,user_18,204.113.209.153,login,200,181.56268202070027
2025-06-09 17:49:56.335358,user_48,59.140.170.64,upload,200,182.2925332358235
2025-06-09 17:50:51.335358,user_43,110.77.25.220,login,200,204.83415892131666
2025-06-09 17:55:51.335358,user_11,214.2.219.208,logout,200,5000.0
2025-06-09 17:56:05.335358,user_2,251.40.57.250,login,200,180.46406262381169
2025-06-09 17:58:33.335358,user_38,128.62.160.98,login,200,190.01134139280916
2025-06-09 17:59:11.335358,user_20,246.214.252.183,login,200,141.34615492976585
2025-06-09 18:01:17.335358,user_42,236.76.211.205,access_file,200,244.8746689322662
2025-06-09 18:01:23.335358,user_25,237.235.239.82,login,200,142.8487936250772
2025-06-09 18:03:18.335358,user_20,246.214.252.183,download,200,109.16167063829113
2025-06-09 18:03:30.335358,user_18,204.113.209.153,logout,201,213.98017337314002
2025-06-09 18:05:20.335358,user_26,237.81.254.10,download,200,206.82095712681038
2025-06-09 18:06:14.335358,user_5,171.177.74.224,logout,403,234.57133670512357
2025-06-09 18:08:40.335358,user_1,48.26.212.38,login,200,323.1828127060586
2025-06-09 18:11:02.335358,user_32,172.62.128.141,login,200,208.43746156866308
2025-06-09 18:12:17.335358,user_15,119.250.13.14,access_file,200,112.72496100217798
2025-06-09 18:15:19.335358,user_26,237.81.254.10,access_file,200,131.04828000074775
2025-06-09 18:15:22.335358,user_17,23.216.182.161,upload,404,176.01524749673283
2025-06-09 18:16:07.335358,user_23,192.53.226.219,login,200,146.55516663045074
2025-06-09 18:16:19.335358,user_18,204.113.209.153,access_file,401,329.45745952318
2025-06-09 18:17:14.335358,user_50,108.214.112.98,login,400,299.56524505557803
2025-06-09 18:19:24.335358,user_12,46.252.173.56,access_file,200,135.9600787797398
2025-06-09 18:22:23.335358,user_27,168.130.235.54,download,200,174.32340920808673
2025-06-09 18:25:39.335358,user_15,119.250.13.14,upload,200,58.610709537796126
2025-06-09 18:26:43.335358,user_26,237.81.254.10,upload,200,201.96282777253603
2025-06-09 18:27:31.335358,user_44,127.101.184.137,login,503,158.2185089486471
2025-06-09 18:29:25.335358,user_15,119.250.13.14,upload,401,179.86138309117692
2025-06-09 18:30:12.335358,user_18,204.113.209.153,login,200,153.71775527430464
2025-06-09 18:30:33.335358,user_33,236.175.149.78,login,201,232.47497220512528
2025-06-09 18:34:27.335358,user_38,128.62.160.98,download,200,209.90331809796808
2025-06-09 18:39:26.335358,user_47,84.142.70.115,logout,200,225.78043133688004
2025-06-09 18:40:43.335358,user_5,171.177.74.224,login,200,231.57616610368922
2025-06-09 18:41:24.335358,user_19,160.247.177.127,upload,200,251.0447550127702
2025-06-09 18:42:18.335358,user_4,216.220.167.20,login,200,261.8258868422401
2025-06-09 18:43:06.335358,user_10,35.197.174.182,login,200,220.86348169461596
2025-06-09 18:43:12.335358,user_50,108.214.112.98,upload,200,201.26281933442513
2025-06-09 18:44:49.335358,user_27,168.130.235.54,login,200,203.73213877180893
2025-06-09 18:45:16.335358,user_9,57.7.156.5,access_file,201,283.0519199296625
2025-06-09 18:47:58.335358,user_28,38.36.180.109,login,200,151.98209560299608
2025-06-09 18:51:08.335358,user_21,112.246.105.248,logout,200,234.86132351998216
2025-06-09 18:51:18.335358,user_8,117.233.134.30,login,404,128.884631828187
2025-06-09 18:55:38.335358,user_21,112.246.105.248,logout,200,148.38942630395658
2025-06-09 18:57:12.335358,user_15,119.250.13.14,login,200,187.24469584523217
2025-06-09 19:00:23.335358,user_21,112.246.105.248,login,201,171.80361586998282
2025-06-09 19:00:34.335358,user_39,215.110.160.68,logout,200,182.47005199725928
2025-06-09 19:00:57.335358,user_27,168.130.235.54,logout,401,245.73512980148973
2025-06-09 19:03:10.335358,user_6,106.137.202.60,access_file,200,133.09305360425856
2025-06-09 19:03:27.335358,user_11,214.2.219.208,access_file,200,285.6840751284349
2025-06-09 19:03:47.335358,user_42,236.76.211.205,logout,201,212.97523825030825
2025-06-09 19:05:01.335358,user_46,215.240.81.58,access_file,200,209.08711998563547
2025-06-09 19:08:24.335358,user_23,192.53.226.219,login,200,247.71533867373185
2025-06-09 19:08:35.335358,user_6,106.137.202.60,login,200,109.15489780333394
2025-06-09 19:12:44.335358,user_17,23.216.182.161,login,200,218.23739120183288
2025-06-09 19:12:58.335358,user_11,214.2.219.208,login,201,232.02580417376538
2025-06-09 19:13:11.335358,user_8,117.233.134.30,access_file,200,105.77006907936534
2025-06-09 19:14:06.335358,user_4,216.220.167.20,upload,200,155.45387349417908
2025-06-09 19:16:17.335358,user_29,168.96.222.138,access_file,200,207.62024732647248
2025-06-09 19:17:27.335358,user_23,192.53.226.219,upload,200,197.67866648166847
2025-06-09 19:20:09.335358,user_33,236.175.149.78,login,200,147.19957255548783
2025-06-09 19:20:23.335358,user_4,216.220.167.20,login,200,240.0928138575028
2025-06-09 19:24:57.335358,user_34,174.166.202.102,login,200,286.2165145950114
2025-06-09 19:25:33.335358,user_36,224.105.136.156,login,200,194.367276597088
2025-06-09 19:26:33.335358,user_22,38.227.110.125,login,200,227.7404389637249
2025-06-09 19:31:26.335358,user_38,128.62.160.98,login,200,238.74546768800852
2025-06-09 19:31:59.335358,user_42,236.76.211.205,login,200,155.8641614575505
2025-06-09 19:34:36.335358,user_22,38.227.110.125,system_access,200,158.93812145590144
2025-06-09 19:35:17.335358,user_36,224.105.136.156,upload,201,232.25421004592417
2025-06-09 19:35:39.335358,user_48,59.140.170.64,logout,200,229.74689382587565
2025-06-09 19:37:47.335358,user_27,168.130.235.54,login,200,182.31680836185342
2025-06-09 19:37:53.335358,user_25,237.235.239.82,login,403,159.90860229035343
2025-06-09 19:38:01.335358,user_48,59.140.170.64,login,200,169.83882556839455
2025-06-09 19:40:25.335358,user_42,236.76.211.205,login,200,179.51628612848376
2025-06-09 19:41:24.335358,user_9,57.7.156.5,download,200,215.98391928572832
2025-06-09 19:43:46.335358,user_1,48.26.212.38,logout,403,158.6382085104875
2025-06-09 19:45:14.335358,user_45,246.108.231.63,login,200,183.4613931481422
2025-06-09 19:45:33.335358,user_42,236.76.211.205,login,200,190.6988878817432
2025-06-09 19:47:02.335358,user_38,128.62.160.98,upload,200,212.29364405056188
2025-06-09 19:47:40.335358,user_29,168.96.222.138,download,200,160.21569270827467
2025-06-09 19:48:18.335358,user_31,138.108.200.41,login,200,247.94505920959665
2025-06-09 19:49:37.335358,user_44,127.101.184.137,login,200,222.5546116126842
2025-06-09 19:54:46.335358,user_22,38.227.110.125,login,201,180.1983784700939
2025-06-09 20:00:24.335358,user_42,236.76.211.205,login,200,171.84948671062693
2025-06-09 20:01:27.335358,user_30,96.82.24.24,logout,200,196.56090577820592
2025-06-09 20:01:39.335358,user_27,168.130.235.54,access_file,200,129.07578483892502
2025-06-09 20:03:30.335358,user_40,100.225.106.234,login,503,245.8748379173988
2025-06-09 20:03:40.335358,user_11,214.2.219.208,logout,200,144.00827036224894
2025-06-09 20:04:14.335358,user_28,38.36.180.109,download,200,153.01196493410663
2025-06-09 20:06:42.335358,user_36,224.105.136.156,access_file,400,188.25224942017326
2025-06-09 20:08:07.335358,user_49,29.88.175.121,login,200,145.0035279752656
2025-06-09 20:11:10.335358,user_33,236.175.149.78,logout,200,162.4731427556894
2025-06-09 20:11:45.335358,user_29,168.96.222.138,login,200,185.28725248201448
2025-06-09 20:12:45.335358,user_38,128.62.160.98,access_file,401,183.84769709168594
2025-06-09 20:12:53.335358,user_25,237.235.239.82,logout,200,157.46895630199137
2025-06-09 20:14:34.335358,user_50,108.214.112.98,download,200,235.86923064288902
2025-06-09 20:19:00.335358,user_13,57.162.80.131,access_file,200,231.23770820012854
2025-06-09 20:20:33.335358,user_44,127.101.184.137,access_file,200,172.54329952517162
2025-06-09 20:22:37.335358,user_49,29.88.175.121,logout,200,195.71916597871953
2025-06-09 20:23:48.335358,user_33,236.175.149.78,login,404,204.82671950174017
2025-06-09 20:26:05.335358,user_42,236.76.211.205,login,200,278.3145553850145
2025-06-09 20:26:09.335358,user_5,171.177.74.224,login,200,212.33145118310898
2025-06-09 20:28:48.335358,user_15,119.250.13.14,upload,429,219.53702776604482
2025-06-09 20:30:28.335358,user_10,35.197.174.182,access_file,401,235.53161284464377
2025-06-09 20:31:51.335358,user_28,38.36.180.109,login,200,163.50937178233184
2025-06-09 20:35:52.335358,user_36,224.105.136.156,login,200,208.860365979825
2025-06-09 20:36:06.335358,user_50,108.214.112.98,login,200,157.9363856758827
2025-06-09 20:37:22.335358,user_21,112.246.105.248,access_file,200,249.17947059230616
2025-06-09 20:37:39.335358,user_5,171.177.74.224,login,200,125.68371246895134
2025-06-09 20:37:40.335358,user_31,138.108.200.41,download,404,165.1085607133006
2025-06-09 20:40:15.335358,user_9,57.7.156.5,logout,200,212.3914178722576
2025-06-09 20:40:52.335358,user_17,23.216.182.161,logout,401,94.87334005981684
2025-06-09 20:44:49.335358,user_6,106.137.202.60,download,401,176.25948366756006
2025-06-09 20:45:26.335358,user_36,224.105.136.156,login,200,135.82265891708744
2025-06-09 20:46:47.335358,user_7,135.253.81.52,login,200,230.98629457562828
2025-06-09 20:46:51.335358,user_44,127.101.184.137,upload,403,190.61771198223914
2025-06-09 20:47:50.335358,user_32,172.62.128.141,logout,400,195.60721210723736
2025-06-09 20:51:03.335358,user_46,215.240.81.58,access_file,200,154.6463387529381
2025-06-09 20:53:38.335358,user_40,100.225.106.234,download,200,212.1423200573118
2025-06-09 20:54:08.335358,user_28,38.36.180.109,upload,200,164.28959766198227
2025-06-09 20:55:40.335358,user_12,46.252.173.56,upload,200,179.97174614329924
2025-06-09 20:59:39.335358,user_47,84.142.70.115,login,200,195.4292477002481
2025-06-09 21:00:23.335358,user_24,127.22.42.37,download,500,272.1755758228776
2025-06-09 21:00:57.335358,user_25,237.235.239.82,login,201,245.17800107577264
2025-06-09 21:01:57.335358,user_16,166.27.18.156,upload,201,80.95446497453887
2025-06-09 21:02:10.335358,user_43,110.77.25.220,login,200,95.83929839926415
2025-06-09 21:02:21.335358,user_9,57.7.156.5,logout,500,206.71473099240814
2025-06-09 21:02:23.335358,user_50,108.214.112.98,download,403,148.25048018927032
2025-06-09 21:02:29.335358,user_40,100.225.106.234,access_file,200,122.37649694206702
2025-06-09 21:05:38.335358,user_3,129.187.16.146,login,403,164.74695083207052
2025-06-09 21:10:17.335358,user_17,23.216.182.161,logout,200,264.2285544061911
2025-06-09 21:12:21.335358,user_35,91.42.138.29,access_file,200,220.11422279535321
2025-06-09 21:13:06.335358,user_46,192.168.36.133,access_file,200,258.2299689269151
2025-06-09 21:13:07.335358,user_40,100.225.106.234,logout,200,205.35147493792655
2025-06-09 21:14:30.335358,user_4,216.220.167.20,login,200,142.91122333945643
2025-06-09 21:18:08.335358,user_46,215.240.81.58,access_file,200,276.12601417464896
2025-06-09 21:21:41.335358,user_2,251.40.57.250,download,200,223.3153520290218
2025-06-09 21:23:09.335358,user_48,59.140.170.64,login,200,135.43084769754557
2025-06-09 21:25:37.335358,user_50,108.214.112.98,access_file,200,151.1560846006824
2025-06-09 21:25:56.335358,user_22,38.227.110.125,download,400,201.92250904251807
2025-06-09 21:26:30.335358,user_16,166.27.18.156,login,200,117.00724923257064
2025-06-09 21:26:50.335358,user_38,128.62.160.98,login,200,136.42723618854578
2025-06-09 21:28:23.335358,user_23,192.53.226.219,download,200,173.08281653506876
2025-06-09 21:31:26.335358,user_27,168.130.235.54,logout,404,160.31066608234778
2025-06-09 21:32:08.335358,user_9,57.7.156.5,logout,200,366.5925346605072
2025-06-09 21:32:15.335358,user_39,215.110.160.68,logout,200,217.4994313427307
2025-06-09 21:32:30.335358,user_2,251.40.57.250,login,200,167.8398449015139
2025-06-09 21:32:53.335358,user_37,187.28.106.101,logout,200,160.1660546131466
2025-06-09 21:33:40.335358,user_21,112.246.105.248,upload,200,172.41912808361906
2025-06-09 21:39:06.335358,user_43,110.77.25.220,login,200,224.06088252191276
2025-06-09 21:42:44.335358,user_10,35.197.174.182,logout,200,176.94787475963705
2025-06-09 21:42:50.335358,user_44,127.101.184.137,login,404,212.057918152945
2025-06-09 21:45:26.335358,user_27,168.130.235.54,login,201,223.5583358256751
2025-06-09 21:46:25.335358,user_4,216.220.167.20,login,200,260.24022259812995
2025-06-09 21:47:43.335358,user_15,119.250.13.14,login,200,151.84287945963743
2025-06-09 21:48:01.335358,user_32,172.62.128.141,logout,200,131.72708155889111
2025-06-09 21:50:39.335358,user_46,215.240.81.58,logout,200,177.09367693728035
2025-06-09 21:51:04.335358,user_16,166.27.18.156,access_file,200,193.29171092836305
2025-06-09 21:52:33.335358,user_43,110.77.25.220,access_file,200,0.0
2025-06-09 21:57:11.335358,user_8,117.233.134.30,download,200,184.21163286206436
2025-06-09 21:58:21.335358,user_36,224.105.136.156,login,200,154.7700011492225
2025-06-09 22:00:33.335358,user_24,127.22.42.37,access_file,200,250.87383314476847
2025-06-09 22:02:34.335358,user_9,57.7.156.5,access_file,200,112.47549696117767
2025-06-09 22:08:02.335358,user_8,117.233.134.30,upload,200,226.6405459656686
2025-06-09 22:08:53.335358,user_14,201.238.92.43,login,200,280.04837028292974
2025-06-09 22:14:27.335358,user_25,237.235.239.82,upload,200,174.2189176622535
2025-06-09 22:15:10.335358,user_4,216.220.167.20,access_file,401,290.9007534135339
2025-06-09 22:16:10.335358,user_38,128.62.160.98,login,200,102.89724016802924
2025-06-09 22:17:20.335358,user_31,138.108.200.41,logout,200,210.52767654763923
2025-06-09 22:20:18.335358,user_26,237.81.254.10,login,200,224.6720601468925
2025-06-09 22:21:16.335358,user_19,160.247.177.127,download,201,153.1535323461988
2025-06-09 22:22:01.335358,user_27,168.130.235.54,upload,200,151.56166539968515
2025-06-09 22:23:03.335358,user_38,128.62.160.98,logout,200,193.22385254194376
2025-06-09 22:23:14.335358,user_26,237.81.254.10,login,200,297.00575561345727
2025-06-09 22:24:14.335358,user_50,108.214.112.98,login,200,187.1463728970195
2025-06-09 22:26:27.335358,user_48,59.140.170.64,login,400,210.50697570324868
2025-06-09 22:26:41.335358,user_26,237.81.254.10,access_file,200,266.22742382462974
2025-06-09 22:30:52.335358,user_15,119.250.13.14,logout,201,182.61305272200056
2025-06-09 22:31:05.335358,user_46,215.240.81.58,access_file,500,174.7414427520443
2025-06-09 22:31:27.335358,user_28,38.36.180.109,login,200,205.1849166314755
2025-06-09 22:32:01.335358,user_1,48.26.212.38,access_file,200,150.7464645699762
2025-06-09 22:34:28.335358,user_24,127.22.42.37,access_file,200,256.05579715938734
2025-06-09 22:35:53.335358,user_33,236.175.149.78,logout,200,221.4558966055773
2025-06-09 22:37:30.335358,user_21,112.246.105.248,access_file,200,189.2625701154286
2025-06-09 22:39:19.335358,user_24,127.22.42.37,login,200,236.35399059856198
2025-06-09 22:40:48.335358,user_44,127.101.184.137,download,200,259.5657311436832
2025-06-09 22:42:40.335358,user_17,23.216.182.161,login,200,271.4172401520708
2025-06-09 22:47:20.335358,user_29,168.96.222.138,logout,200,172.21107136947842
2025-06-09 22:47:35.335358,user_7,135.253.81.52,upload,201,206.69833966840244
2025-06-09 22:48:19.335358,user_19,160.247.177.127,access_file,200,268.71881895902186
2025-06-09 22:48:30.335358,user_41,215.183.66.181,upload,200,165.34350060690528
2025-06-09 22:49:47.335358,user_25,237.235.239.82,login,200,215.7454376112262
2025-06-09 22:49:51.335358,user_13,57.162.80.131,login,200,206.1855045158453
2025-06-09 22:50:51.335358,user_20,246.214.252.183,download,200,307.00572002997615
2025-06-09 22:51:30.335358,user_24,127.22.42.37,logout,200,202.88486897502298
2025-06-09 22:52:07.335358,user_44,127.101.184.137,login,200,173.38305918912636
2025-06-09 22:52:40.335358,user_20,246.214.252.183,access_file,201,266.32011723915645
2025-06-09 22:53:06.335358,user_9,57.7.156.5,download,400,299.2023043818844
2025-06-09 22:58:53.335358,user_47,84.142.70.115,login,200,187.75009851092588
2025-06-09 22:59:14.335358,user_20,246.214.252.183,login,200,187.59617612478363
2025-06-09 23:00:48.335358,user_16,166.27.18.156,access_file,200,232.1193452978007
2025-06-09 23:03:58.335358,user_7,135.253.81.52,login,200,5000.0
2025-06-09 23:06:20.335358,user_49,29.88.175.121,access_file,403,268.65748489944275
2025-06-09 23:06:27.335358,user_34,174.166.202.102,login,200,101.02096403076544
2025-06-09 23:06:36.335358,user_1,48.26.212.38,access_file,403,197.88272230014917
2025-06-09 23:06:46.335358,user_8,117.233.134.30,login,200,156.09848646557958
2025-06-09 23:07:15.335358,user_16,166.27.18.156,login,200,251.17616072447674
2025-06-09 23:10:22.335358,user_25,237.235.239.82,logout,200,217.99084054179676
2025-06-09 23:10:59.335358,user_29,168.96.222.138,login,200,174.7503675660159
2025-06-09 23:12:22.335358,user_30,96.82.24.24,login,200,170.95339122162895
2025-06-09 23:13:21.335358,user_43,110.77.25.220,login,200,234.12179827669937
2025-06-09 23:18:00.335358,user_28,38.36.180.109,logout,200,311.2040682094092
2025-06-09 23:18:12.335358,user_47,84.142.70.115,login,200,186.91143509674748
2025-06-09 23:18:13.335358,user_44,127.101.184.137,login,200,202.46924991700746
2025-06-09 23:20:28.335358,user_32,172.62.128.141,login,200,253.73401051089462
2025-06-09 23:20:50.335358,user_5,171.177.74.224,logout,200,151.829358292854
2025-06-09 23:23:47.335358,user_15,119.250.13.14,logout,200,275.33906742651834
2025-06-09 23:27:34.335358,user_48,59.140.170.64,logout,200,142.48607788308726
2025-06-09 23:27:58.335358,user_43,110.77.25.220,access_file,200,187.50663706008868
2025-06-09 23:28:28.335358,user_49,29.88.175.121,login,401,79.23652682770145
2025-06-09 23:28:35.335358,user_45,246.108.231.63,logout,200,199.690254463826
2025-06-09 23:30:09.335358,user_6,106.137.202.60,login,200,240.34538146035771
2025-06-09 23:30:26.335358,user_38,128.62.160.98,download,200,211.7499415565446
2025-06-09 23:31:16.335358,user_23,192.53.226.219,upload,200,232.67694366836292
2025-06-09 23:33:14.335358,user_3,129.187.16.146,logout,200,65.90967268107502
2025-06-09 23:37:03.335358,user_11,214.2.219.208,login,200,153.01850334436986
2025-06-09 23:37:25.335358,user_11,214.2.219.208,login,200,165.5976048903698
2025-06-09 23:37:26.335358,user_5,171.177.74.224,access_file,201,255.6650291610867
2025-06-09 23:40:56.335358,user_26,237.81.254.10,logout,200,196.68740640676012
2025-06-09 23:41:57.335358,user_18,204.113.209.153,login,200,245.52050420271797
2025-06-09 23:42:37.335358,user_28,38.36.180.109,logout,200,213.53647486015365
2025-06-09 23:45:13.335358,user_27,168.130.235.54,login,200,184.29428350746062
2025-06-09 23:45:39.335358,user_34,174.166.202.102,access_file,404,193.8022054386439
2025-06-09 23:46:54.335358,user_22,38.227.110.125,login,201,269.1616828041855
2025-06-09 23:49:08.335358,user_41,215.183.66.181,login,500,152.15913179144462
2025-06-09 23:50:01.335358,user_16,166.27.18.156,logout,200,210.375843962759
2025-06-09 23:50:05.335358,user_5,171.177.74.224,download,200,131.70570886791526
2025-06-09 23:52:01.335358,user_47,84.142.70.115,login,200,184.98930258071837
2025-06-09 23:52:17.335358,user_46,215.240.81.58,login,403,156.13206329985732
2025-06-09 23:52:45.335358,user_29,168.96.222.138,download,200,147.07324613286926
2025-06-09 23:54:54.335358,user_50,108.214.112.98,logout,200,150.18211979172034
2025-06-09 23:57:58.335358,user_31,138.108.200.41,login,200,205.6097938929924
2025-06-09 23:58:12.335358,user_35,91.42.138.29,download,200,111.53956829109949
2025-06-09 23:59:09.335358,user_19,160.247.177.127,logout,200,177.16841397365894
2025-06-10 00:00:41.335358,user_49,29.88.175.121,login,200,176.31836805468438
2025-06-10 00:01:08.335358,user_14,201.238.92.43,login,200,194.4781580987413
2025-06-10 00:01:33.335358,user_16,166.27.18.156,login,200,101.65449549376785
2025-06-10 00:03:03.335358,user_26,237.81.254.10,logout,200,167.59428833038746
2025-06-10 00:03:21.335358,user_40,100.225.106.234,download,200,185.97738006333876
2025-06-10 00:04:03.335358,user_30,96.82.24.24,login,200,223.1111846904499
2025-06-10 00:06:11.335358,user_22,38.227.110.125,access_file,201,230.04978700712806
2025-06-10 00:08:08.335358,user_19,160.247.177.127,login,200,191.13794856127598
2025-06-10 00:08:55.335358,user_46,215.240.81.58,login,403,143.25624286117906
2025-06-10 00:09:46.335358,user_46,215.240.81.58,access_file,201,274.56245732685096
2025-06-10 00:10:42.335358,user_48,59.140.170.64,access_file,200,188.99737648877507
2025-06-10 00:12:42.335358,user_25,237.235.239.82,access_file,200,227.55230528886548
2025-06-10 00:12:43.335358,user_16,166.27.18.156,upload,200,170.85854244363162
2025-06-10 00:19:28.335358,user_22,38.227.110.125,access_file,201,137.16693404699672
2025-06-10 00:20:32.335358,user_3,129.187.16.146,access_file,400,257.41170170807726
2025-06-10 00:25:28.335358,user_34,174.166.202.102,login,201,226.6483271089004
2025-06-10 00:26:09.335358,user_44,127.101.184.137,login,200,227.1754269013226
2025-06-10 00:29:03.335358,user_32,172.62.128.141,upload,200,221.40079196391983
2025-06-10 00:30:10.335358,user_32,172.62.128.141,access_file,200,131.021964887767
2025-06-10 00:31:07.335358,user_31,138.108.200.41,logout,200,157.97249235319646
2025-06-10 00:31:07.335358,user_4,216.220.167.20,login,403,290.6813098410578
2025-06-10 00:32:18.335358,user_17,23.216.182.161,access_file,200,136.29196923281523
2025-06-10 00:34:27.335358,user_45,246.108.231.63,download,500,260.95306285574895
2025-06-10 00:34:58.335358,user_37,187.28.106.101,login,200,231.42162551072641
2025-06-10 00:35:44.335358,user_3,129.187.16.146,logout,200,190.1205714999125
2025-06-10 00:36:06.335358,user_15,119.250.13.14,access_file,200,231.32115353230714
2025-06-10 00:37:43.335358,user_30,96.82.24.24,login,201,285.2974696693312
2025-06-10 00:38:10.335358,user_3,129.187.16.146,login,401,211.5026230675077
2025-06-10 00:38:50.335358,user_41,215.183.66.181,download,500,175.27519480846945
2025-06-10 00:39:25.335358,user_2,251.40.57.250,login,403,186.23751356802336
2025-06-10 00:39:47.335358,user_13,57.162.80.131,logout,200,254.98553419531493
2025-06-10 00:40:06.335358,user_19,160.247.177.127,login,404,165.00415705083967
2025-06-10 00:41:48.335358,user_5,171.177.74.224,download,404,161.3355383788056
2025-06-10 00:42:39.335358,user_50,108.214.112.98,login,200,174.86275502144187
2025-06-10 00:43:24.335358,user_9,57.7.156.5,access_file,200,202.52161198061742
2025-06-10 00:46:05.335358,user_25,237.235.239.82,logout,200,171.6032334916913
2025-06-10 00:47:00.335358,user_18,204.113.209.153,access_file,201,143.52746982123475
2025-06-10 00:47:17.335358,user_36,224.105.136.156,upload,400,186.4037035579127
2025-06-10 00:47:18.335358,user_18,204.113.209.153,logout,201,233.59187268923975
2025-06-10 00:47:29.335358,user_14,201.238.92.43,logout,403,155.40388118145057
2025-06-10 00:51:03.335358,user_4,216.220.167.20,login,200,264.28948919047565
2025-06-10 00:51:35.335358,user_31,138.108.200.41,logout,201,259.3507683123691
2025-06-10 00:51:58.335358,user_2,251.40.57.250,upload,200,208.23324690093506
2025-06-10 00:52:07.335358,user_25,237.235.239.82,login,200,192.303916914899
2025-06-10 00:53:47.335358,user_6,106.137.202.60,access_file,201,222.77169013913144
2025-06-10 00:53:54.335358,user_32,172.62.128.141,login,200,261.0980762722669
2025-06-10 00:54:53.335358,user_2,251.40.57.250,upload,201,236.74526276162047
2025-06-10 00:56:16.335358,user_6,106.137.202.60,login,200,184.1540428826678
2025-06-10 00:56:49.335358,user_34,174.166.202.102,logout,401,199.80502855082662
2025-06-10 00:56:54.335358,user_13,57.162.80.131,logout,200,280.0682571888067
2025-06-10 00:58:03.335358,user_6,106.137.202.60,logout,200,182.32310204341076
2025-06-10 00:59:28.335358,user_22,38.227.110.125,delete,200,268.1573968568828
2025-06-10 01:00:17.335358,user_8,117.233.134.30,login,200,249.91719775026817
2025-06-10 01:00:41.335358,user_3,129.187.16.146,access_file,200,229.12934641624753
2025-06-10 01:01:35.335358,user_3,129.187.16.146,access_file,200,191.51497002003347
2025-06-10 01:04:36.335358,user_14,201.238.92.43,logout,201,208.00878887300053
2025-06-10 01:05:05.335358,user_21,112.246.105.248,logout,200,217.2370100275844
2025-06-10 01:10:46.335358,user_16,166.27.18.156,delete,200,260.3359998546516
2025-06-10 01:11:02.335358,user_42,236.76.211.205,modify_permissions,201,258.6325266513318
2025-06-10 01:11:32.335358,user_46,215.240.81.58,download,200,136.2984880298969
2025-06-10 01:11:34.335358,user_17,23.216.182.161,login,400,265.9994183160554
2025-06-10 01:12:01.335358,user_27,168.130.235.54,download,400,116.68053854260411
2025-06-10 01:12:49.335358,user_43,110.77.25.220,logout,200,219.82386927169992
2025-06-10 01:17:54.335358,user_11,214.2.219.208,logout,200,177.80328860040999
2025-06-10 01:18:40.335358,user_9,57.7.156.5,logout,200,243.80608933693853
2025-06-10 01:19:39.335358,user_43,110.77.25.220,login,200,194.97044851790778
2025-06-10 01:20:26.335358,user_11,214.2.219.208,login,200,185.610633423292
2025-06-10 01:21:05.335358,user_17,23.216.182.161,logout,201,195.74418343838633
2025-06-10 01:21:38.335358,user_8,117.233.134.30,logout,200,216.32538788613013
2025-06-10 01:21:40.335358,user_49,29.88.175.121,upload,200,152.32575574334135
2025-06-10 01:26:08.335358,user_16,166.27.18.156,login,403,208.10665034428587
2025-06-10 01:28:37.335358,user_37,187.28.106.101,access_file,403,205.01544726005338
2025-06-10 01:30:21.335358,user_25,237.235.239.82,logout,200,164.79863581437658
2025-06-10 01:31:16.335358,user_16,166.27.18.156,login,200,240.77991682955619
2025-06-10 01:31:44.335358,user_48,59.140.170.64,access_file,200,188.6300604551217
2025-06-10 01:32:46.335358,user_27,168.130.235.54,access_file,201,202.90738205594943
2025-06-10 01:33:32.335358,user_8,117.233.134.30,upload,200,222.98490293393854
2025-06-10 01:35:00.335358,user_20,246.214.252.183,access_file,418,144.56581466328257
2025-06-10 01:36:08.335358,user_14,201.238.92.43,download,200,215.79115454046965
2025-06-10 01:36:36.335358,user_39,215.110.160.68,login,200,282.3794492182875
2025-06-10 01:37:21.335358,user_25,237.235.239.82,login,200,289.93055274163845
2025-06-10 01:37:58.335358,user_34,174.166.202.102,access_file,201,145.30741656811264
2025-06-10 01:40:16.335358,user_27,168.130.235.54,login,200,209.77243829636933
2025-06-10 01:42:12.335358,user_50,108.214.112.98,login,200,207.54002116766222
2025-06-10 01:43:43.335358,user_21,112.246.105.248,upload,200,219.82079475441805
2025-06-10 01:44:28.335358,user_30,96.82.24.24,access_file,201,220.1623811483484
2025-06-10 01:45:25.335358,user_42,236.76.211.205,login,200,225.32779451363646
2025-06-10 01:45:51.335358,user_29,168.96.222.138,login,200,116.13252094701899
2025-06-10 01:49:43.335358,user_6,106.137.202.60,access_file,200,141.94248529567955
2025-06-10 01:50:13.335358,user_34,174.166.202.102,download,200,148.33961568521218
2025-06-10 01:50:40.335358,user_26,237.81.254.10,logout,500,205.3001358990446
2025-06-10 01:52:03.335358,user_15,119.250.13.14,login,200,240.94267486862736
2025-06-10 01:53:17.335358,user_4,216.220.167.20,logout,200,146.1556030877897
2025-06-10 01:54:19.335358,user_34,174.166.202.102,logout,200,113.8328156565184
2025-06-10 01:56:18.335358,user_10,35.197.174.182,login,200,319.95445541714946
2025-06-10 01:56:51.335358,user_13,57.162.80.131,login,201,252.2538149517998
2025-06-10 02:00:10.335358,user_38,128.62.160.98,access_file,200,294.8223487615447
2025-06-10 02:00:16.335358,user_17,23.216.182.161,access_file,200,252.64434596091317
2025-06-10 02:00:18.335358,user_25,237.235.239.82,logout,200,207.74167735099118
2025-06-10 02:01:40.335358,user_20,246.214.252.183,login,400,173.50501902151143
2025-06-10 02:02:13.335358,user_35,91.42.138.29,login,404,98.09736118828796
2025-06-10 02:02:57.335358,user_2,251.40.57.250,login,200,158.1383704667733
2025-06-10 02:04:41.335358,user_30,96.82.24.24,login,200,180.95018805579622
2025-06-10 02:10:05.335358,user_4,216.220.167.20,download,200,291.42355937130515
2025-06-10 02:20:01.335358,user_11,214.2.219.208,delete,403,250.3477674154253
2025-06-10 02:22:58.335358,user_47,84.142.70.115,logout,200,208.3864049803806
2025-06-10 02:22:58.335358,user_8,117.233.134.30,upload,200,236.3331100529112
2025-06-10 02:23:20.335358,user_15,119.250.13.14,access_file,200,285.7075762538975
2025-06-10 02:25:38.335358,user_45,246.108.231.63,login,200,150.3822763256405
2025-06-10 02:27:03.335358,user_24,127.22.42.37,access_file,200,139.46097475225673
2025-06-10 02:27:21.335358,user_6,106.137.202.60,logout,403,159.94703892614808
2025-06-10 02:27:28.335358,user_48,59.140.170.64,login,200,235.94367242576328
2025-06-10 02:28:05.335358,user_28,38.36.180.109,access_file,200,195.89643903616133
2025-06-10 02:29:00.335358,user_19,160.247.177.127,login,200,159.81538387431684
2025-06-10 02:29:27.335358,user_8,117.233.134.30,login,200,224.36732931019472
2025-06-10 02:30:30.335358,user_21,112.246.105.248,login,200,261.5622793927021
2025-06-10 02:30:47.335358,user_14,201.238.92.43,download,400,242.15956207543334
2025-06-10 02:35:38.335358,user_19,160.247.177.127,login,200,229.1116008106725
2025-06-10 02:36:34.335358,user_29,168.96.222.138,access_file,200,244.99697756270635
2025-06-10 02:37:12.335358,user_25,237.235.239.82,download,200,223.28921953212196
2025-06-10 02:38:55.335358,user_39,215.110.160.68,download,200,160.73332087133
2025-06-10 02:39:09.335358,user_20,246.214.252.183,access_file,200,193.4028918145162
2025-06-10 02:41:36.335358,user_37,187.28.106.101,login,200,247.05391380997608
2025-06-10 02:41:36.335358,user_30,96.82.24.24,login,201,249.04999578845772
2025-06-10 02:41:38.335358,user_16,166.27.18.156,access_file,401,248.33683318877593
2025-06-10 02:42:02.335358,user_28,38.36.180.109,access_file,200,161.13239121801035
2025-06-10 02:42:04.335358,user_37,187.28.106.101,upload,500,252.82031127098895
2025-06-10 02:44:23.335358,user_8,117.233.134.30,logout,401,265.59970087954326
2025-06-10 02:48:27.335358,user_8,117.233.134.30,upload,200,172.61982074915198
2025-06-10 02:48:48.335358,user_25,237.235.239.82,login,401,131.29772211719086
2025-06-10 02:48:50.335358,user_33,236.175.149.78,logout,200,182.61650709922807
2025-06-10 02:51:01.335358,user_50,108.214.112.98,upload,200,209.89439173335214
2025-06-10 02:51:52.335358,user_25,237.235.239.82,login,200,139.02627667919546
2025-06-10 02:52:15.335358,user_9,57.7.156.5,logout,401,268.4313844832081
2025-06-10 02:52:38.335358,user_19,160.247.177.127,upload,200,135.2742559403243
2025-06-10 02:52:54.335358,user_30,96.82.24.24,login,200,165.416265129808
2025-06-10 02:56:06.335358,user_37,187.28.106.101,login,400,262.36700399158775
2025-06-10 02:56:18.335358,user_27,168.130.235.54,login,200,262.0645454102789
2025-06-10 02:58:17.335358,user_48,59.140.170.64,upload,200,224.76599848639503
2025-06-10 03:00:03.335358,user_31,138.108.200.41,login,201,166.02428563054065
2025-06-10 03:01:37.335358,user_44,127.101.184.137,download,200,203.29089763347025
2025-06-10 03:02:20.335358,user_21,112.246.105.248,login,200,169.054060197286
2025-06-10 03:02:39.335358,user_46,215.240.81.58,access_file,200,155.31826619376582
2025-06-10 03:03:43.335358,user_31,138.108.200.41,login,200,105.62547775353478
2025-06-10 03:04:45.335358,user_19,160.247.177.127,login,200,128.07666895055874
2025-06-10 03:08:22.335358,user_19,160.247.177.127,logout,403,207.24495222745801
2025-06-10 03:09:34.335358,user_35,91.42.138.29,logout,200,218.941990079969
2025-06-10 03:10:45.335358,user_28,38.36.180.109,download,200,184.3611804573425
2025-06-10 03:14:34.335358,user_28,38.36.180.109,login,200,201.21625557039155
2025-06-10 03:15:54.335358,user_27,168.130.235.54,login,200,245.2578943784586
2025-06-10 03:15:58.335358,user_17,23.216.182.161,login,201,158.7784700226084
2025-06-10 03:17:39.335358,user_20,246.214.252.183,login,201,139.0145952507968
2025-06-10 03:19:06.335358,user_22,38.227.110.125,login,401,250.16462372125784
2025-06-10 03:20:53.335358,user_25,192.168.201.16,login,200,107.579592979389
2025-06-10 03:21:35.335358,user_15,119.250.13.14,logout,200,243.73930927058763
2025-06-10 03:21:45.335358,user_22,38.227.110.125,logout,200,248.6345437998124
2025-06-10 03:22:19.335358,user_47,84.142.70.115,login,200,230.37898987591544
2025-06-10 03:23:47.335358,user_45,246.108.231.63,login,200,100.54647306421096
2025-06-10 03:25:08.335358,user_37,187.28.106.101,logout,200,120.63036650959955
2025-06-10 03:25:39.335358,user_2,251.40.57.250,download,200,236.64087947137173
2025-06-10 03:28:44.335358,user_40,100.225.106.234,logout,201,221.9958912992745
2025-06-10 03:30:51.335358,user_11,214.2.219.208,login,200,221.47927690932343
2025-06-10 03:30:57.335358,user_17,23.216.182.161,login,200,102.94955930678131
2025-06-10 03:33:05.335358,user_44,127.101.184.137,logout,404,255.6654833426902
2025-06-10 03:33:08.335358,user_9,57.7.156.5,download,400,280.1987633256791
2025-06-10 03:37:16.335358,user_22,38.227.110.125,download,201,222.7673613520507
2025-06-10 03:39:28.335358,user_8,117.233.134.30,login,201,194.6617190240931
2025-06-10 03:39:54.335358,user_32,172.62.128.141,upload,401,280.84382500423715
2025-06-10 03:40:29.335358,user_13,57.162.80.131,download,200,96.99045678247819
2025-06-10 03:40:32.335358,user_24,127.22.42.37,logout,200,168.58839554027213
2025-06-10 03:45:11.335358,user_15,119.250.13.14,login,200,244.42723718850468
2025-06-10 03:45:18.335358,user_35,91.42.138.29,logout,200,192.8293795251838
2025-06-10 03:46:32.335358,user_12,46.252.173.56,login,401,192.69348972310675
2025-06-10 03:46:57.335358,user_47,84.142.70.115,access_file,200,224.3942383840292
2025-06-10 03:49:06.335358,user_20,246.214.252.183,access_file,200,166.1751421556374
2025-06-10 03:49:07.335358,user_29,168.96.222.138,logout,401,219.79251936582043
2025-06-10 03:56:44.335358,user_7,135.253.81.52,login,401,209.46119425937195
2025-06-10 04:00:56.335358,user_50,108.214.112.98,access_file,201,190.2433870301864
2025-06-10 04:01:57.335358,user_37,187.28.106.101,download,200,240.32077615160082
2025-06-10 04:04:40.335358,user_32,172.62.128.141,download,200,215.37365673420996
2025-06-10 04:06:03.335358,user_23,192.53.226.219,login,200,247.66599376066614
2025-06-10 04:06:28.335358,user_41,215.183.66.181,login,200,147.6050447120951
2025-06-10 04:06:30.335358,user_42,236.76.211.205,access_file,200,194.81259113894708
2025-06-10 04:07:28.335358,user_31,138.108.200.41,login,401,280.64842009962257
2025-06-10 04:07:29.335358,user_49,29.88.175.121,login,200,241.60975453743944
2025-06-10 04:07:44.335358,user_10,35.197.174.182,access_file,200,180.10104596200276
2025-06-10 04:07:53.335358,user_15,119.250.13.14,logout,200,208.92606315929208
2025-06-10 04:08:26.335358,user_6,106.137.202.60,login,200,264.4751741010025
2025-06-10 04:08:34.335358,user_40,100.225.106.234,download,400,231.45613628287543
2025-06-10 04:10:14.335358,user_6,106.137.202.60,upload,200,226.5589261146496
2025-06-10 04:10:54.335358,user_16,166.27.18.156,access_file,200,184.31249879283766
2025-06-10 04:11:11.335358,user_23,192.53.226.219,logout,200,196.87352938259133
2025-06-10 04:12:03.335358,user_46,215.240.81.58,login,200,182.41054220146438
2025-06-10 04:13:19.335358,user_1,48.26.212.38,access_file,200,280.17194857813735
2025-06-10 04:13:58.335358,user_3,129.187.16.146,download,200,204.10246099071114
2025-06-10 04:14:42.335358,user_11,192.168.148.247,access_file,200,283.12565903004815
2025-06-10 04:15:39.335358,user_15,119.250.13.14,logout,200,267.70284851394047
2025-06-10 04:19:44.335358,user_17,23.216.182.161,login,200,250.06766598199073
2025-06-10 04:20:09.335358,user_36,224.105.136.156,login,200,181.79258463833284
2025-06-10 04:22:31.335358,user_46,215.240.81.58,logout,200,183.89098543182428
2025-06-10 04:23:32.335358,user_40,100.225.106.234,logout,200,205.8367957098211
2025-06-10 04:26:34.335358,user_41,215.183.66.181,login,200,199.43676656912453
2025-06-10 04:33:54.335358,user_21,112.246.105.248,login,403,189.77815380278767
2025-06-10 04:36:57.335358,user_21,112.246.105.248,login,404,209.40704365581422
2025-06-10 04:37:20.335358,user_33,236.175.149.78,logout,200,231.7943917317286
2025-06-10 04:44:26.335358,user_37,187.28.106.101,logout,200,283.33545336329286
2025-06-10 04:44:42.335358,user_34,174.166.202.102,logout,200,0.0
2025-06-10 04:45:02.335358,user_43,110.77.25.220,access_file,201,169.20620109073553
2025-06-10 04:45:12.335358,user_16,166.27.18.156,login,200,93.7946069474991
2025-06-10 04:45:37.335358,user_28,38.36.180.109,login,200,232.1096286593715
2025-06-10 04:46:23.335358,user_6,106.137.202.60,logout,200,214.44878479289744
2025-06-10 04:52:03.335358,user_21,112.246.105.248,upload,401,165.45437916883475
2025-06-10 04:52:14.335358,user_44,127.101.184.137,upload,401,192.79876198329686
2025-06-10 04:54:39.335358,user_11,214.2.219.208,upload,200,224.3636149916192
2025-06-10 04:54:41.335358,user_25,237.235.239.82,access_file,201,128.52789560809373
2025-06-10 04:54:47.335358,user_22,38.227.110.125,login,200,194.5588299543296
2025-06-10 04:54:48.335358,user_3,129.187.16.146,logout,404,270.2141153524955
2025-06-10 04:58:01.335358,user_31,138.108.200.41,login,500,235.35408676061306
2025-06-10 04:59:15.335358,user_20,246.214.252.183,login,200,229.53749888358544
2025-06-10 04:59:34.335358,user_46,215.240.81.58,login,200,222.92802374133944
2025-06-10 04:59:38.335358,user_34,174.166.202.102,upload,200,220.61220533342566
2025-06-10 05:03:57.335358,user_12,46.252.173.56,login,200,186.84709190043904
2025-06-10 05:05:27.335358,user_40,100.225.106.234,logout,200,108.63569328176283
2025-06-10 05:06:18.335358,user_11,214.2.219.208,logout,404,108.48648661420788
2025-06-10 05:06:39.335358,user_47,84.142.70.115,upload,200,125.88922033131831
2025-06-10 05:07:59.335358,user_29,168.96.222.138,upload,200,151.00688247062857
2025-06-10 05:10:28.335358,user_20,246.214.252.183,login,200,244.1572626831378
2025-06-10 05:11:40.335358,user_12,46.252.173.56,logout,200,174.6609297475215
2025-06-10 05:13:02.335358,user_19,160.247.177.127,upload,200,250.4081324318832
2025-06-10 05:14:22.335358,user_2,251.40.57.250,login,200,244.90083634250982
2025-06-10 05:20:26.335358,user_9,57.7.156.5,login,200,236.8650489629079
2025-06-10 05:20:38.335358,user_5,171.177.74.224,access_file,200,213.8110736218529
2025-06-10 05:22:11.335358,user_18,204.113.209.153,login,200,250.6549674980886
2025-06-10 05:23:43.335358,user_42,236.76.211.205,login,200,98.35348435880391
2025-06-10 05:27:56.335358,user_41,215.183.66.181,upload,200,144.93678656190815
2025-06-10 05:31:55.335358,user_20,246.214.252.183,system_access,200,333.779559527582
2025-06-10 05:32:25.335358,user_43,110.77.25.220,access_file,200,147.53426865102182
2025-06-10 05:35:10.335358,user_13,57.162.80.131,download,200,188.68571991809003
2025-06-10 05:35:38.335358,user_35,91.42.138.29,download,200,174.13183097735052
2025-06-10 05:35:41.335358,user_3,129.187.16.146,logout,200,152.07840802561984
2025-06-10 05:36:02.335358,user_6,106.137.202.60,login,200,138.7469879145033
2025-06-10 05:36:53.335358,user_27,168.130.235.54,logout,500,232.07236887346633
2025-06-10 05:37:16.335358,user_3,129.187.16.146,login,200,246.4263437272596
2025-06-10 05:37:24.335358,user_44,127.101.184.137,logout,200,203.83841358155428
2025-06-10 05:37:49.335358,user_38,128.62.160.98,logout,200,203.43289576768015
2025-06-10 05:38:38.335358,user_9,57.7.156.5,download,200,246.05107033953232
2025-06-10 05:39:36.335358,user_3,129.187.16.146,login,200,187.22191336079914
2025-06-10 05:42:25.335358,user_9,192.168.37.249,access_file,200,274.5283498016389
2025-06-10 05:45:02.335358,user_42,236.76.211.205,login,200,223.88428568183895
2025-06-10 05:46:05.335358,user_19,160.247.177.127,login,400,234.80100579212828
2025-06-10 05:48:54.335358,user_32,172.62.128.141,upload,200,210.19252966340835
2025-06-10 05:50:26.335358,user_12,46.252.173.56,delete,500,198.4736695191639
2025-06-10 05:50:31.335358,user_17,23.216.182.161,upload,200,259.68593903230936
2025-06-10 05:55:53.335358,user_41,215.183.66.181,login,500,154.79066573774668
2025-06-10 05:55:58.335358,user_30,96.82.24.24,access_file,201,246.73647620758874
2025-06-10 05:56:29.335358,user_31,138.108.200.41,logout,200,138.9878191768314
2025-06-10 05:58:10.335358,user_19,160.247.177.127,logout,200,258.95213643833324
2025-06-10 05:58:23.335358,user_43,110.77.25.220,access_file,200,245.13845764713435
2025-06-10 05:58:49.335358,user_47,84.142.70.115,logout,201,240.05234463173528
2025-06-10 05:59:58.335358,user_18,204.113.209.153,login,200,158.07502269250168
2025-06-10 06:00:43.335358,user_5,171.177.74.224,login,200,211.18461440859025
2025-06-10 06:02:20.335358,user_37,187.28.106.101,login,200,274.1748390520004
2025-06-10 06:02:31.335358,user_35,192.168.210.121,logout,200,142.71382280639102
2025-06-10 06:03:36.335358,user_36,224.105.136.156,login,200,212.0325793652757
2025-06-10 06:04:36.335358,user_24,127.22.42.37,access_file,200,260.1200763241365
2025-06-10 06:05:17.335358,user_48,59.140.170.64,login,200,187.41798112947453
2025-06-10 06:05:26.335358,user_17,23.216.182.161,logout,401,232.20751883433715
2025-06-10 06:05:30.335358,user_37,187.28.106.101,login,200,274.16928745015497
2025-06-10 06:09:50.335358,user_25,237.235.239.82,download,200,250.12992067418728
2025-06-10 06:10:46.335358,user_3,129.187.16.146,login,200,218.08110446842355
2025-06-10 06:12:15.335358,user_2,251.40.57.250,login,429,236.09863398502685
2025-06-10 06:13:03.335358,user_31,138.108.200.41,access_file,401,184.07484883305156
2025-06-10 06:13:50.335358,user_42,236.76.211.205,access_file,201,260.756875965052
2025-06-10 06:14:32.335358,user_25,237.235.239.82,logout,200,166.61268076696265
2025-06-10 06:15:34.335358,user_21,112.246.105.248,login,200,166.03607992226603
2025-06-10 06:15:35.335358,user_33,236.175.149.78,logout,200,201.24059142809259
2025-06-10 06:16:58.335358,user_19,160.247.177.127,login,200,206.58777512635305
2025-06-10 06:17:23.335358,user_44,127.101.184.137,logout,200,211.84414480955303
2025-06-10 06:24:23.335358,user_15,119.250.13.14,login,200,196.54772376417247
2025-06-10 06:24:43.335358,user_43,110.77.25.220,download,200,223.466052249725
2025-06-10 06:28:02.335358,user_14,201.238.92.43,download,403,180.42571943519513
2025-06-10 06:28:14.335358,user_40,100.225.106.234,logout,200,185.8977131454245
2025-06-10 06:28:21.335358,user_32,172.62.128.141,login,200,252.5664370215598
2025-06-10 06:28:22.335358,user_21,112.246.105.248,access_file,200,246.72134520623868
2025-06-10 06:31:16.335358,user_24,127.22.42.37,download,200,235.68891162847027
2025-06-10 06:34:54.335358,user_23,192.53.226.219,login,200,134.68515987617627
2025-06-10 06:36:10.335358,user_50,108.214.112.98,download,200,279.39470622505246
2025-06-10 06:39:21.335358,user_37,187.28.106.101,login,200,163.88156400195723
2025-06-10 06:40:32.335358,user_27,168.130.235.54,logout,400,289.8874010403572
2025-06-10 06:44:12.335358,user_4,216.220.167.20,logout,200,202.36914155798812
2025-06-10 06:46:42.335358,user_34,174.166.202.102,logout,403,233.61245352396395
2025-06-10 06:49:40.335358,user_25,237.235.239.82,login,200,210.53894702832196
2025-06-10 06:51:06.335358,user_25,237.235.239.82,logout,500,198.35279850191796
2025-06-10 06:52:54.335358,user_11,214.2.219.208,login,200,147.68775052088316
2025-06-10 06:53:06.335358,user_21,112.246.105.248,logout,200,157.13297571288612
2025-06-10 06:53:26.335358,user_4,216.220.167.20,logout,201,101.50847534217708
2025-06-10 06:54:43.335358,user_14,201.238.92.43,access_file,400,173.44641808808865
2025-06-10 06:55:24.335358,user_8,117.233.134.30,login,200,236.7754736043123
2025-06-10 06:57:11.335358,user_1,48.26.212.38,login,200,243.094563161512
2025-06-10 06:57:17.335358,user_50,108.214.112.98,login,200,196.75062680718474
2025-06-10 06:57:17.335358,user_40,100.225.106.234,login,200,199.67230600077042
2025-06-10 06:58:56.335358,user_41,215.183.66.181,logout,200,154.9348751599656
2025-06-10 07:00:20.335358,user_41,215.183.66.181,login,200,175.94210380894023
2025-06-10 07:02:01.335358,user_33,236.175.149.78,login,200,113.15107479392135
2025-06-10 07:02:59.335358,user_12,46.252.173.56,login,200,213.17425270570155
2025-06-10 07:03:20.335358,user_31,138.108.200.41,access_file,200,224.19831829493887
2025-06-10 07:04:40.335358,user_11,214.2.219.208,logout,200,304.57217652976146
2025-06-10 07:07:41.335358,user_17,23.216.182.161,access_file,200,307.44376375997285
2025-06-10 07:07:48.335358,user_15,119.250.13.14,access_file,403,92.42785385734133
2025-06-10 07:08:01.335358,user_11,214.2.219.208,login,200,137.00434653116048
2025-06-10 07:08:21.335358,user_23,192.53.226.219,upload,200,196.13249577323546
2025-06-10 07:10:40.335358,user_14,201.238.92.43,download,200,171.88518217908353
2025-06-10 07:12:17.335358,user_36,224.105.136.156,login,200,218.9484261047685
2025-06-10 07:12:53.335358,user_33,236.175.149.78,logout,403,76.05082873746821
2025-06-10 07:16:21.335358,user_20,246.214.252.183,upload,403,193.28034940754068
2025-06-10 07:17:54.335358,user_16,166.27.18.156,logout,200,273.4446627783731
2025-06-10 07:18:47.335358,user_18,204.113.209.153,logout,200,212.4264381067853
2025-06-10 07:20:12.335358,user_2,251.40.57.250,upload,403,268.0210380760279
2025-06-10 07:23:14.335358,user_37,187.28.106.101,login,200,145.75159162672554
2025-06-10 07:24:02.335358,user_28,38.36.180.109,login,200,142.81782498924903
2025-06-10 07:24:17.335358,user_50,108.214.112.98,download,404,186.50303506080235
2025-06-10 07:26:46.335358,user_29,168.96.222.138,login,404,254.45917780699102
2025-06-10 07:26:49.335358,user_44,127.101.184.137,login,200,246.14931009647339
2025-06-10 07:27:35.335358,user_41,215.183.66.181,upload,200,70.1994943267844
2025-06-10 07:29:57.335358,user_25,237.235.239.82,logout,200,172.55459708733878
2025-06-10 07:30:12.335358,user_12,46.252.173.56,login,200,218.71832447037724
2025-06-10 07:30:12.335358,user_2,251.40.57.250,logout,200,266.50269351925306
2025-06-10 07:30:39.335358,user_25,192.168.209.215,login,403,177.87016472442957
2025-06-10 07:32:06.335358,user_49,29.88.175.121,login,200,295.904795122357
2025-06-10 07:32:31.335358,user_27,168.130.235.54,logout,500,195.72244132649533
2025-06-10 07:32:55.335358,user_6,106.137.202.60,login,401,0.0
2025-06-10 07:36:26.335358,user_19,160.247.177.127,logout,200,128.7464553955865
2025-06-10 07:36:47.335358,user_34,174.166.202.102,login,200,10000.0
2025-06-10 07:37:14.335358,user_24,127.22.42.37,login,200,156.96093567066703
2025-06-10 07:37:19.335358,user_31,138.108.200.41,login,200,233.633157267772
2025-06-10 07:41:05.335358,user_29,168.96.222.138,access_file,200,169.79317454988222
2025-06-10 07:41:33.335358,user_18,204.113.209.153,download,200,200.1584239502889
2025-06-10 07:43:01.335358,user_34,174.166.202.102,upload,200,287.1318936415562
2025-06-10 07:44:35.335358,user_44,127.101.184.137,login,200,167.0374424365496
2025-06-10 07:44:36.335358,user_8,117.233.134.30,login,400,189.66713062528123
2025-06-10 07:45:09.335358,user_31,138.108.200.41,download,200,192.33043070415005
2025-06-10 07:46:03.335358,user_42,236.76.211.205,upload,404,66.17699997293258
2025-06-10 07:46:16.335358,user_39,215.110.160.68,access_file,200,195.24881779255477
2025-06-10 07:49:58.335358,user_41,215.183.66.181,login,200,249.03002829708598
2025-06-10 07:50:37.335358,user_39,215.110.160.68,logout,401,203.28516152116018
2025-06-10 07:50:53.335358,user_36,224.105.136.156,logout,200,180.72127127278037
2025-06-10 07:53:04.335358,user_17,23.216.182.161,access_file,200,280.32369702842834
2025-06-10 07:54:52.335358,user_40,100.225.106.234,logout,200,270.2090020630178
2025-06-10 07:59:59.335358,user_45,246.108.231.63,access_file,200,145.00968319310056
2025-06-10 08:02:41.335358,user_5,171.177.74.224,login,401,172.32666531754444
2025-06-10 08:04:10.335358,user_16,166.27.18.156,access_file,200,137.93098242507668
2025-06-10 08:05:43.335358,user_14,201.238.92.43,login,200,286.17496060053406
2025-06-10 08:05:50.335358,user_9,57.7.156.5,login,200,169.40184988842012
2025-06-10 08:07:23.335358,user_37,187.28.106.101,logout,201,186.6122693316236
2025-06-10 08:08:35.335358,user_2,251.40.57.250,upload,200,267.89838400317575
2025-06-10 08:09:33.335358,user_7,135.253.81.52,download,200,186.33325920366758
2025-06-10 08:10:20.335358,user_23,192.53.226.219,login,200,256.7303294638554
2025-06-10 08:10:57.335358,user_2,251.40.57.250,access_file,401,147.3812749243078
2025-06-10 08:12:41.335358,user_39,215.110.160.68,logout,400,174.30057248423591
2025-06-10 08:16:13.335358,user_25,237.235.239.82,login,200,217.71405695484665
2025-06-10 08:16:29.335358,user_6,106.137.202.60,login,200,260.51356166058423
2025-06-10 08:17:28.335358,user_7,135.253.81.52,login,401,99.5677567010181
2025-06-10 08:17:39.335358,user_39,215.110.160.68,login,500,238.1489316423802
2025-06-10 08:17:44.335358,user_25,237.235.239.82,logout,200,293.42384549460394
2025-06-10 08:19:05.335358,user_5,171.177.74.224,access_file,200,280.0584531050833
2025-06-10 08:20:02.335358,user_8,117.233.134.30,login,200,223.2875393335603
2025-06-10 08:21:25.335358,user_12,46.252.173.56,logout,200,188.67622090801586
2025-06-10 08:22:36.335358,user_40,100.225.106.234,access_file,200,216.90205417967076
2025-06-10 08:23:27.335358,user_30,96.82.24.24,logout,200,284.6117412552755
2025-06-10 08:24:21.335358,user_5,171.177.74.224,access_file,200,153.89773683298242
2025-06-10 08:24:59.335358,user_9,57.7.156.5,login,200,228.0660044358771
2025-06-10 08:25:02.335358,user_49,29.88.175.121,login,200,155.0900421275577
2025-06-10 08:26:41.335358,user_49,29.88.175.121,login,200,317.42145509542377
2025-06-10 08:29:28.335358,user_50,108.214.112.98,login,200,216.69699006771785
2025-06-10 08:30:46.335358,user_5,171.177.74.224,logout,200,225.84960909381118
2025-06-10 08:31:02.335358,user_24,127.22.42.37,login,200,149.75744235842228
2025-06-10 08:31:59.335358,user_13,57.162.80.131,upload,400,172.36257172556085
2025-06-10 08:33:17.335358,user_39,215.110.160.68,logout,200,177.75018484162828
2025-06-10 08:37:03.335358,user_38,128.62.160.98,logout,200,218.76518919920568
2025-06-10 08:38:18.335358,user_1,48.26.212.38,upload,200,105.13946627198824
2025-06-10 08:39:22.335358,user_5,171.177.74.224,upload,201,247.65560335245044
2025-06-10 08:41:01.335358,user_17,23.216.182.161,login,200,163.63482372937204
2025-06-10 08:41:10.335358,user_47,84.142.70.115,access_file,200,198.77331677340567
2025-06-10 08:42:00.335358,user_22,38.227.110.125,download,200,116.87661116507574
2025-06-10 08:46:04.335358,user_32,172.62.128.141,login,200,151.85269177141112
2025-06-10 08:48:04.335358,user_49,29.88.175.121,login,200,196.89496240637854
2025-06-10 08:49:25.335358,user_14,201.238.92.43,upload,200,186.645415267754
2025-06-10 08:50:04.335358,user_4,216.220.167.20,upload,200,104.28085169834156
2025-06-10 08:50:45.335358,user_35,91.42.138.29,logout,403,247.70521684269715
2025-06-10 08:52:54.335358,user_27,168.130.235.54,login,201,183.72461452909778
2025-06-10 08:53:17.335358,user_40,100.225.106.234,login,200,256.60893739669507
2025-06-10 08:55:33.335358,user_7,135.253.81.52,access_file,200,225.80386091091967
2025-06-10 08:55:33.335358,user_3,129.187.16.146,login,401,219.93337106764244
2025-06-10 08:55:39.335358,user_36,224.105.136.156,access_file,200,146.80782964801142
2025-06-10 08:55:42.335358,user_48,59.140.170.64,logout,403,136.37414891222727
2025-06-10 08:56:28.335358,user_28,38.36.180.109,login,200,219.23784053710162
2025-06-10 08:57:06.335358,user_33,236.175.149.78,login,200,247.30635507895593
2025-06-10 08:57:25.335358,user_21,112.246.105.248,logout,200,156.27446054596413
2025-06-10 08:57:44.335358,user_45,246.108.231.63,access_file,400,198.20438543072345
2025-06-10 08:57:59.335358,user_15,119.250.13.14,upload,200,280.10176655438295
2025-06-10 09:00:37.335358,user_27,168.130.235.54,login,403,225.26488333341518
2025-06-10 09:01:57.335358,user_30,96.82.24.24,login,200,203.21417413296652
2025-06-10 09:02:50.335358,user_2,251.40.57.250,login,200,262.2839156359945
2025-06-10 09:05:01.335358,user_8,117.233.134.30,upload,200,185.0585450551293
2025-06-10 09:05:23.335358,user_18,204.113.209.153,login,200,220.08435065737945
2025-06-10 09:07:12.335358,user_9,57.7.156.5,logout,200,191.84808798512952
2025-06-10 09:08:41.335358,user_18,204.113.209.153,login,200,154.91760077278065
2025-06-10 09:14:16.335358,user_47,84.142.70.115,access_file,200,248.04357271157696
2025-06-10 09:15:27.335358,user_37,187.28.106.101,login,401,230.9646537502027
2025-06-10 09:15:53.335358,user_2,251.40.57.250,download,200,184.0701667256386
2025-06-10 09:16:06.335358,user_27,168.130.235.54,access_file,200,232.42073403034408
2025-06-10 09:18:17.335358,user_10,35.197.174.182,access_file,201,205.16439369913954
2025-06-10 09:18:18.335358,user_12,46.252.173.56,login,200,231.51892109355853
2025-06-10 09:22:19.335358,user_20,246.214.252.183,access_file,200,235.2881900070498
2025-06-10 09:23:16.335358,user_26,237.81.254.10,logout,200,281.66956428601145
2025-06-10 09:23:49.335358,user_13,57.162.80.131,logout,200,263.1151621825424
2025-06-10 09:24:32.335358,user_31,138.108.200.41,login,201,184.0640913717475
2025-06-10 09:27:44.335358,user_22,38.227.110.125,login,201,293.9498955134114
2025-06-10 09:28:05.335358,user_48,59.140.170.64,login,200,106.98788529081934
2025-06-10 09:28:29.335358,user_6,106.137.202.60,logout,201,220.18021819348832
2025-06-10 09:28:42.335358,user_49,29.88.175.121,access_file,400,205.3097373380317
2025-06-10 09:29:43.335358,user_22,38.227.110.125,logout,201,182.8926995775318
2025-06-10 09:32:24.335358,user_50,108.214.112.98,upload,404,222.4171321948758
2025-06-10 09:36:18.335358,user_49,29.88.175.121,login,404,210.0394927560361
2025-06-10 09:38:55.335358,user_46,215.240.81.58,login,200,245.92624765164982
2025-06-10 09:38:59.335358,user_39,215.110.160.68,login,200,139.79785386251208
2025-06-10 09:42:21.335358,user_40,100.225.106.234,access_file,201,266.2432019907714
2025-06-10 09:44:41.335358,user_47,84.142.70.115,access_file,200,184.09557312181155
2025-06-10 09:46:07.335358,user_43,110.77.25.220,download,200,178.22408045033413
2025-06-10 09:47:02.335358,user_46,215.240.81.58,login,200,182.17189098873675
2025-06-10 09:47:40.335358,user_2,251.40.57.250,logout,200,217.26732950628943
2025-06-10 09:50:17.335358,user_15,119.250.13.14,download,200,168.9395682854377
2025-06-10 09:50:41.335358,user_45,246.108.231.63,logout,400,175.38475978570708
2025-06-10 09:50:42.335358,user_46,215.240.81.58,login,200,191.08301173240827
2025-06-10 09:53:53.335358,user_3,129.187.16.146,upload,200,169.42612996893936
2025-06-10 09:56:06.335358,user_19,160.247.177.127,logout,200,223.09478348391295
2025-06-10 09:59:34.335358,user_40,100.225.106.234,login,200,202.06743052198678
2025-06-10 10:02:11.335358,user_46,215.240.81.58,logout,200,185.78729189975908
2025-06-10 10:07:57.335358,user_17,23.216.182.161,access_file,401,182.65793429612546
2025-06-10 10:13:02.335358,user_25,237.235.239.82,login,200,207.10852917223627
2025-06-10 10:14:28.335358,user_3,129.187.16.146,login,403,215.36652184772197
2025-06-10 10:15:25.335358,user_19,160.247.177.127,access_file,200,212.03000278921425
2025-06-10 10:15:41.335358,user_20,246.214.252.183,access_file,200,231.38759689243793
2025-06-10 10:17:14.335358,user_44,127.101.184.137,logout,200,160.02816845255336
2025-06-10 10:17:51.335358,user_18,204.113.209.153,login,401,232.74240399750428
2025-06-10 10:18:54.335358,user_10,35.197.174.182,login,404,220.63524002875613
2025-06-10 10:20:11.335358,user_21,112.246.105.248,login,400,133.41262737087393
2025-06-10 10:21:52.335358,user_30,96.82.24.24,download,200,210.2964025149987
2025-06-10 10:22:00.335358,user_4,216.220.167.20,logout,200,90.72911860614508
2025-06-10 10:22:23.335358,user_23,192.53.226.219,login,200,175.89371349419017
2025-06-10 10:23:47.335358,user_49,29.88.175.121,logout,201,125.42899314746371
2025-06-10 10:24:01.335358,user_16,166.27.18.156,logout,200,168.84720319224178
2025-06-10 10:26:06.335358,user_38,128.62.160.98,login,200,189.87060789939858
2025-06-10 10:27:25.335358,user_35,91.42.138.29,access_file,200,198.79897882487705
2025-06-10 10:27:30.335358,user_33,236.175.149.78,login,404,278.67235438511364
2025-06-10 10:28:24.335358,user_1,48.26.212.38,login,201,270.242633129124
2025-06-10 10:32:57.335358,user_47,84.142.70.115,login,404,153.57430121328574
2025-06-10 10:33:54.335358,user_40,100.225.106.234,login,201,235.74630115275878
2025-06-10 10:35:51.335358,user_33,236.175.149.78,login,200,182.61808555677004
2025-06-10 10:37:28.335358,user_35,91.42.138.29,logout,400,260.77734955113255
2025-06-10 10:38:02.335358,user_11,214.2.219.208,logout,200,168.64261246803835
2025-06-10 10:38:53.335358,user_15,119.250.13.14,access_file,200,223.74839617727108
2025-06-10 10:39:07.335358,user_18,204.113.209.153,upload,200,145.77913319791318
2025-06-10 10:39:12.335358,user_10,35.197.174.182,login,200,131.64644384687693
2025-06-10 10:41:26.335358,user_39,215.110.160.68,access_file,200,159.6618791882682
2025-06-10 10:42:49.335358,user_47,84.142.70.115,login,200,196.44709329959738
2025-06-10 10:43:30.335358,user_50,108.214.112.98,login,200,218.89314913912028
2025-06-10 10:44:08.335358,user_1,48.26.212.38,logout,200,247.5867818774794
2025-06-10 10:44:27.335358,user_7,135.253.81.52,login,200,124.69499254897104
2025-06-10 10:45:30.335358,user_26,237.81.254.10,logout,200,235.9771605039326
2025-06-10 10:45:41.335358,user_30,96.82.24.24,access_file,200,259.63903646438933
2025-06-10 10:46:23.335358,user_43,110.77.25.220,login,403,242.25002338871064
2025-06-10 10:47:14.335358,user_3,129.187.16.146,access_file,200,212.51561872828464
2025-06-10 10:48:07.335358,user_2,251.40.57.250,login,200,216.24218498164987
2025-06-10 10:50:42.335358,user_20,246.214.252.183,login,201,150.38389892309354
2025-06-10 10:52:08.335358,user_22,38.227.110.125,access_file,200,207.01710690782033
2025-06-10 10:56:19.335358,user_23,192.53.226.219,login,201,259.4977890914534
2025-06-10 10:57:39.335358,user_12,46.252.173.56,download,400,205.79439532906767
2025-06-10 10:58:24.335358,user_16,166.27.18.156,access_file,200,263.7473763218019
2025-06-10 10:58:47.335358,user_24,127.22.42.37,logout,200,187.9290926886651
2025-06-10 11:00:12.335358,user_45,246.108.231.63,login,200,150.49124403314465
2025-06-10 11:01:09.335358,user_11,214.2.219.208,login,200,261.477609611304
2025-06-10 11:04:25.335358,user_44,127.101.184.137,login,200,166.5877785633826
2025-06-10 11:04:25.335358,user_49,29.88.175.121,upload,200,118.15189758924652
2025-06-10 11:05:03.335358,user_24,127.22.42.37,access_file,400,255.215617023482
2025-06-10 11:08:55.335358,user_22,192.168.148.85,upload,200,262.6847926108902
2025-06-10 11:09:59.335358,user_32,172.62.128.141,logout,200,175.11376148666238
2025-06-10 11:15:30.335358,user_38,128.62.160.98,upload,401,252.17968153438696
2025-06-10 11:16:01.335358,user_40,100.225.106.234,upload,401,219.99839306321218
2025-06-10 11:17:23.335358,user_29,168.96.222.138,login,201,177.08615312099695
2025-06-10 11:17:40.335358,user_34,174.166.202.102,logout,404,105.96218237149816
2025-06-10 11:17:48.335358,user_7,135.253.81.52,logout,200,232.24259292832508
2025-06-10 11:18:59.335358,user_44,127.101.184.137,download,500,297.27086064409195
2025-06-10 11:20:06.335358,user_9,57.7.156.5,logout,400,231.25767406874928
2025-06-10 11:23:51.335358,user_45,246.108.231.63,logout,401,182.80396038455558
2025-06-10 11:24:36.335358,user_20,246.214.252.183,access_file,200,250.6359568231199
2025-06-10 11:25:36.335358,user_45,246.108.231.63,access_file,200,174.3104391321182
2025-06-10 11:29:47.335358,user_11,214.2.219.208,login,200,252.90969487207752
2025-06-10 11:30:55.335358,user_16,166.27.18.156,download,403,215.5925697737686
2025-06-10 11:33:53.335358,user_36,224.105.136.156,login,200,282.33188499342083
2025-06-10 11:35:08.335358,user_36,224.105.136.156,login,200,177.5207638492804
2025-06-10 11:35:16.335358,user_48,59.140.170.64,logout,201,192.73216920200724
2025-06-10 11:37:16.335358,user_36,224.105.136.156,logout,200,184.97294776987027
2025-06-10 11:37:38.335358,user_44,127.101.184.137,login,201,169.1024158454339
2025-06-10 11:37:38.335358,user_15,119.250.13.14,download,200,223.72753951208486
2025-06-10 11:37:52.335358,user_6,106.137.202.60,access_file,200,262.7695428833931
2025-06-10 11:39:20.335358,user_37,187.28.106.101,login,200,241.6159398203543
2025-06-10 11:40:07.335358,user_12,46.252.173.56,login,200,163.38721073226898
2025-06-10 11:42:29.335358,user_32,172.62.128.141,download,200,182.00123914950248
2025-06-10 11:43:00.335358,user_26,237.81.254.10,logout,200,282.95843725569165
2025-06-10 11:43:23.335358,user_35,91.42.138.29,logout,200,239.24814405128976
2025-06-10 11:45:05.335358,user_49,29.88.175.121,logout,200,327.2104779505705
2025-06-10 11:46:45.335358,user_10,35.197.174.182,login,200,168.02974171399725
2025-06-10 11:47:02.335358,user_3,129.187.16.146,access_file,200,120.67801784724502
2025-06-10 11:47:05.335358,user_3,129.187.16.146,login,400,209.25579926763504
2025-06-10 11:47:16.335358,user_40,100.225.106.234,login,201,131.4957686728506
2025-06-10 11:48:54.335358,user_31,138.108.200.41,logout,200,185.75215361426248
2025-06-10 11:50:27.335358,user_30,96.82.24.24,logout,200,189.3754395937181
2025-06-10 11:50:41.335358,user_35,91.42.138.29,logout,200,217.45878485527467
2025-06-10 11:50:54.335358,user_17,23.216.182.161,login,200,156.81451058589684
2025-06-10 11:52:00.335358,user_37,187.28.106.101,login,200,320.32541900195764
2025-06-10 11:53:43.335358,user_25,237.235.239.82,login,400,143.33196223326456
2025-06-10 11:57:23.335358,user_42,236.76.211.205,access_file,200,216.89782443891593
2025-06-10 11:57:41.335358,user_8,117.233.134.30,logout,200,243.33330709408864
2025-06-10 11:58:22.335358,user_31,138.108.200.41,login,200,233.38373634954291
2025-06-10 12:04:17.335358,user_47,84.142.70.115,access_file,201,190.4238308452082
2025-06-10 12:04:46.335358,user_8,117.233.134.30,upload,200,146.6962788592746
2025-06-10 12:05:58.335358,user_1,48.26.212.38,login,404,253.05289242279656
2025-06-10 12:06:50.335358,user_11,214.2.219.208,upload,200,132.19123348737324
2025-06-10 12:08:28.335358,user_6,106.137.202.60,login,200,143.93930589227682
2025-06-10 12:09:10.335358,user_49,29.88.175.121,logout,200,207.07676664225917
2025-06-10 12:10:33.335358,user_3,129.187.16.146,access_file,400,226.25783018477873
2025-06-10 12:11:04.335358,user_19,160.247.177.127,login,401,156.18657012053117
2025-06-10 12:11:24.335358,user_18,204.113.209.153,login,200,166.29563431326972
2025-06-10 12:12:55.335358,user_33,236.175.149.78,login,200,192.1276024459002
2025-06-10 12:14:31.335358,user_43,110.77.25.220,login,400,168.90008070400503
2025-06-10 12:15:24.335358,user_48,59.140.170.64,login,401,248.41393804083145
2025-06-10 12:17:48.335358,user_46,215.240.81.58,login,403,290.10487081282156
2025-06-10 12:18:20.335358,user_9,57.7.156.5,logout,200,222.4091879475565
2025-06-10 12:20:23.335358,user_2,251.40.57.250,access_file,200,187.0114614584791
2025-06-10 12:25:48.335358,user_9,57.7.156.5,logout,200,125.71832116972966
2025-06-10 12:27:40.335358,user_45,246.108.231.63,login,200,176.0036989020395
2025-06-10 12:28:59.335358,user_50,108.214.112.98,logout,200,124.74986626930641
2025-06-10 12:29:25.335358,user_17,23.216.182.161,login,200,117.56882178668039
2025-06-10 12:30:34.335358,user_27,168.130.235.54,login,401,243.36438177976237
2025-06-10 12:30:48.335358,user_15,119.250.13.14,login,201,191.70567968653813
2025-06-10 12:30:55.335358,user_16,166.27.18.156,logout,503,122.03333325106625
2025-06-10 12:32:34.335358,user_49,29.88.175.121,login,200,217.09037803934524
2025-06-10 12:32:47.335358,user_26,237.81.254.10,access_file,200,152.01698420345258
2025-06-10 12:33:06.335358,user_48,59.140.170.64,upload,200,257.532603511463
2025-06-10 12:34:26.335358,user_32,172.62.128.141,login,404,173.91504630939895
2025-06-10 12:35:29.335358,user_7,135.253.81.52,login,403,233.36110705442465
2025-06-10 12:35:30.335358,user_42,236.76.211.205,login,201,175.76390014525848
2025-06-10 12:36:06.335358,user_8,117.233.134.30,access_file,200,257.13265720079846
2025-06-10 12:37:18.335358,user_6,106.137.202.60,download,404,248.6171985984166
2025-06-10 12:38:49.335358,user_5,171.177.74.224,upload,400,208.4255418431904
2025-06-10 12:39:43.335358,user_1,48.26.212.38,login,201,170.21922166066392
2025-06-10 12:42:01.335358,user_43,110.77.25.220,login,403,274.7108697819592
2025-06-10 12:44:51.335358,user_19,160.247.177.127,login,400,250.41583579235945
2025-06-10 12:46:11.335358,user_29,168.96.222.138,login,200,199.68022385944414
2025-06-10 12:49:00.335358,user_16,166.27.18.156,login,201,188.71066336376634
2025-06-10 12:49:04.335358,user_44,127.101.184.137,login,200,253.05695520245027
2025-06-10 12:52:22.335358,user_29,168.96.222.138,login,401,262.5575313108744
2025-06-10 12:52:23.335358,user_42,236.76.211.205,login,200,208.4918426326967
2025-06-10 12:55:07.335358,user_14,201.238.92.43,login,200,172.38801296511375
2025-06-10 12:55:31.335358,user_5,171.177.74.224,download,200,193.12687474110686
2025-06-10 12:59:21.335358,user_37,187.28.106.101,logout,403,66.36993174796979
2025-06-10 13:00:31.335358,user_27,168.130.235.54,login,200,156.60179336213494
2025-06-10 13:02:55.335358,user_37,187.28.106.101,logout,200,191.50541669089466
2025-06-10 13:05:25.335358,user_29,168.96.222.138,logout,200,227.03536200612535
2025-06-10 13:06:55.335358,user_26,237.81.254.10,access_file,200,0.0
2025-06-10 13:08:27.335358,user_41,215.183.66.181,access_file,503,242.93102152715238
2025-06-10 13:08:59.335358,user_28,38.36.180.109,upload,200,161.01924985898384
2025-06-10 13:09:26.335358,user_1,48.26.212.38,upload,418,235.63597704415267
2025-06-10 13:11:08.335358,user_12,46.252.173.56,download,200,212.39774769817316
2025-06-10 13:11:28.335358,user_11,214.2.219.208,access_file,400,318.27736846385403
2025-06-10 13:12:26.335358,user_41,215.183.66.181,upload,200,284.22757875947156
2025-06-10 13:13:04.335358,user_40,100.225.106.234,download,200,234.43680684904626
2025-06-10 13:15:00.335358,user_33,236.175.149.78,access_file,200,268.411746375497
2025-06-10 13:17:23.335358,user_32,172.62.128.141,access_file,200,242.64523948270156
2025-06-10 13:21:53.335358,user_33,236.175.149.78,download,200,250.26820143803744
2025-06-10 13:24:32.335358,user_19,160.247.177.127,download,201,224.86810289070385
2025-06-10 13:24:56.335358,user_48,59.140.170.64,access_file,201,216.4205924771407
2025-06-10 13:29:31.335358,user_2,251.40.57.250,download,201,144.7257081815097
2025-06-10 13:30:21.335358,user_31,138.108.200.41,login,200,161.95145498817578
2025-06-10 13:30:54.335358,user_50,108.214.112.98,logout,200,241.91043091743703
2025-06-10 13:31:14.335358,user_44,127.101.184.137,upload,201,189.43266962372812
2025-06-10 13:35:59.335358,user_24,127.22.42.37,login,200,220.69475040331955
2025-06-10 13:36:45.335358,user_24,127.22.42.37,access_file,200,244.98517685669586
2025-06-10 13:39:27.335358,user_39,215.110.160.68,logout,200,183.33013770882982
2025-06-10 13:42:01.335358,user_7,135.253.81.52,access_file,200,270.2623330987452
2025-06-10 13:42:04.335358,user_13,57.162.80.131,login,200,286.32423116731485
2025-06-10 13:42:25.335358,user_39,215.110.160.68,login,200,194.3996918099152
2025-06-10 13:42:42.335358,user_49,29.88.175.121,download,403,193.63937289414613
2025-06-10 13:43:30.335358,user_31,138.108.200.41,logout,200,202.44854984999648
2025-06-10 13:45:08.335358,user_15,119.250.13.14,access_file,200,161.58065541464046
